gauge_id,elev_mean,slope_mean,area_gages2,p_mean,frac_snow,high_prec_freq,high_prec_dur,low_prec_freq,low_prec_dur,frac_forest
1013500,250.31,21.64152,2252.7,3.126678987,0.313440357,12.95,1.348958333,202.2,3.427118644,0.9063
1022500,92.68,17.79072,573.6,3.608125941,0.245259009,20.55,1.205278592,233.65,3.662225705,0.9232
1030500,143.8,12.79195,3676.17,3.274405202,0.277018403,17.15,1.207746479,215.6,3.514262429,0.8782
1031500,247.8,29.56035,769.05,3.522956879,0.291836473,18.9,1.14893617,227.35,3.473644003,0.9548
1047000,310.38,49.92122,909.1,3.323145791,0.280118127,20.1,1.165217391,235.9,3.69170579,0.9906
1052500,615.7,60.05183,383.82,3.730858316,0.352698254,13.5,1.129707113,193.5,2.896706587,1.0
1054200,472.31,90.13951,180.98,4.067132101,0.29964154,17.5,1.194539249,220.3,3.263703704,1.0
1055000,423.12,72.81304,250.64,3.494183436,0.306048852,19.15,1.167682927,224.85,3.37866266,0.9916
1057000,215.59,32.68445,190.92,3.570499658,0.251157673,20.35,1.16954023,239.3,3.747846515,0.9415
1073000,37.67,4.75043,31.3,3.503025325,0.175032435,20.85,1.226470588,249.0,4.016129032,0.9008
1078000,346.92,49.77182,222.46,3.562888433,0.239718522,21.45,1.172131148,234.5,3.616037008,0.9873
1118300,36.7,8.76539,10.36,3.897430527,0.111232483,21.5,1.295180723,244.6,4.0,0.933
1121000,141.54,16.99385,70.25,3.719590691,0.154227151,21.5,1.197771588,241.7,3.721324095,0.9652
1123000,120.1,17.14893,77.85,3.8242423,0.136053399,21.15,1.233236152,241.1,3.879324216,0.9141
1134500,450.54,47.54354,195.13,3.467412731,0.280582089,15.85,1.152727273,201.1,2.842402827,0.9963
1137500,784.85,110.13062,228.55,3.98419165,0.301814976,15.5,1.280991736,204.35,2.989758595,0.9972
1139000,373.34,43.10796,246.33,3.13454757,0.246562672,18.65,1.169278997,219.65,3.227773696,0.9737
1139800,518.15,40.99895,22.8,3.3035154,0.262328973,19.45,1.164670659,225.55,3.278343023,1.0
1142500,346.62,46.92575,82.17,3.314670773,0.252307891,19.8,1.128205128,224.75,3.206134094,0.9799
1144000,459.8,60.29261,1790.24,3.420859685,0.248466349,19.05,1.133928571,225.15,3.315905744,0.9813
1162500,310.07,18.45782,49.71,3.783534565,0.226769185,21.1,1.14673913,240.45,3.634920635,0.9663
1169000,374.89,49.54362,230.64,3.921166324,0.238972606,19.6,1.126436782,228.15,3.441176471,0.997
1170100,325.71,49.33091,106.99,3.894581793,0.234653735,19.95,1.108333333,226.35,3.373323398,0.997
1181000,417.93,33.2844,243.5,3.815023956,0.217563041,20.4,1.159090909,231.1,3.454409567,0.9944
1187300,309.1,38.2676,53.92,3.950607803,0.201269336,21.15,1.181564246,236.55,3.608695652,0.9932
1195100,19.17,7.9307,14.84,3.682481862,0.106042892,22.6,1.280453258,252.8,4.188898094,0.9171
1333000,485.91,74.78725,112.16,3.704639288,0.222244968,19.0,1.210191083,227.9,3.409124907,0.9844
1350000,612.78,88.25169,612.51,3.86979603,0.231159658,20.4,1.172413793,235.9,3.528795812,0.9966
1350080,587.35,60.00338,83.84,3.492825462,0.221156578,20.0,1.166180758,235.75,3.46946284,0.994
1350140,579.74,61.8248,43.76,3.501422313,0.219859027,18.4,1.179487179,227.4,3.283754513,0.991
1365000,465.17,51.87268,99.57,4.211436003,0.202270211,19.4,1.172205438,230.15,3.422304833,1.0
1411300,15.25,2.0326,79.32,3.175449692,0.048094855,22.85,1.33625731,261.7,4.68157424,0.8487
1413500,724.51,69.6517,424.1,3.832546201,0.216908034,18.7,1.154320988,224.6,3.190340909,0.9974
1414500,775.58,59.57585,64.45,3.979971253,0.216628505,19.35,1.162162162,223.8,3.152112676,1.0
1415000,604.34,64.53263,85.63,3.773122519,0.213452185,18.3,1.180645161,215.55,3.068327402,1.0
1423000,593.67,49.86765,859.68,3.703760438,0.217830298,15.95,1.16,211.35,3.006401138,0.9854
1434025,729.33,59.4071,9.7,4.437002053,0.237813731,19.15,1.178461538,224.8,3.21602289,1.0
1435000,560.05,54.94492,172.46,4.317653662,0.223616269,19.5,1.167664671,226.65,3.289550073,1.0
1439500,307.06,22.25987,305.88,3.683258042,0.163765229,20.0,1.194029851,235.75,3.596491228,0.997
1440000,234.2,28.80165,167.72,3.549893224,0.147767408,20.3,1.237804878,242.0,3.928571429,0.908
1440400,334.06,26.46515,175.21,3.753351129,0.172223371,20.4,1.179190751,234.9,3.556396669,0.9933
1451800,180.41,14.8941,135.84,3.503207392,0.128362666,23.8,1.233160622,254.25,4.188632619,0.4915
1466500,38.94,2.53456,5.38,3.539837098,0.06266177,23.45,1.257372654,257.65,4.480869565,1.0
1484100,17.97,1.03721,9.0,3.321273101,0.042571686,23.45,1.208762887,256.9,4.361629881,0.3605
1485500,15.46,1.66864,141.54,3.240579055,0.03163638,22.55,1.199468085,257.9,4.419880034,0.867
1486000,10.21,1.47125,11.18,3.274416153,0.030600833,22.8,1.222520107,258.05,4.399829497,0.8888
1487000,13.84,1.09998,187.41,3.339039014,0.042468989,23.05,1.245945946,256.65,4.425,0.4165
1491000,18.54,1.41948,292.04,3.305075975,0.050025721,21.85,1.213888889,255.55,4.375856164,0.2319
1510000,482.21,28.76423,382.99,3.462294319,0.237057401,16.2,1.109589041,200.85,2.865192582,0.9804
1516500,634.59,29.79686,31.48,3.182643395,0.199238598,18.25,1.116207951,232.75,3.353746398,0.9661
1518862,600.87,37.28156,233.91,3.031641342,0.201111345,18.5,1.138461538,221.2,3.219796215,0.9837
1532000,507.14,40.91626,553.94,3.195078713,0.176741267,18.8,1.119047619,230.75,3.31061693,0.9549
1539000,333.75,32.47937,701.78,3.423427789,0.156285913,20.4,1.136490251,236.0,3.530291698,0.8311
1542810,492.7,45.55723,13.62,3.422528405,0.189716486,15.85,1.112280702,207.3,2.98488121,1.0
1543000,543.37,36.53752,705.5,3.390019165,0.188056577,16.45,1.093023256,211.05,3.017155111,0.9922
1543500,547.44,31.28232,1778.26,3.4089295,0.181653611,17.1,1.092651757,210.65,3.022238164,0.9878
1544500,551.6,36.26274,355.06,3.363519507,0.203362893,17.5,1.107594937,217.6,3.071277347,1.0
1545600,518.97,53.68312,120.0,3.384574949,0.192645541,17.55,1.090062112,219.95,3.097887324,1.0
1547700,353.57,43.0263,113.54,3.135013005,0.156172998,20.4,1.133333333,229.7,3.326574946,0.9047
1548500,546.71,39.14167,1557.05,3.153345654,0.20208863,18.1,1.120743034,221.0,3.177570093,0.9866
1549500,528.16,32.39343,97.49,3.332225873,0.186519053,19.05,1.205696203,234.5,3.518379595,0.9888
1550000,455.41,46.28526,452.68,3.369765914,0.179825513,17.8,1.206779661,230.85,3.474040632,0.988
1552000,461.43,37.27533,1129.49,3.476997947,0.173059123,18.55,1.170347003,224.9,3.407575758,0.9911
1552500,535.24,46.46363,60.64,3.623085558,0.185169708,19.6,1.126436782,230.95,3.376461988,0.9956
1557500,389.99,38.17147,115.3,3.153099247,0.158671824,18.95,1.12462908,229.7,3.400444115,0.9012
1567500,314.48,46.47316,38.77,3.212839151,0.126036066,21.3,1.213675214,253.1,4.221851543,0.7969
1568000,265.52,34.52646,534.39,3.329701574,0.128510858,21.2,1.23255814,248.7,4.215254237,0.7062
1580000,174.3,12.44242,244.37,3.431727584,0.081688092,22.0,1.198910082,248.05,4.291522491,0.4241
1583500,156.32,13.67585,155.85,3.262125941,0.08072865,22.4,1.220708447,248.8,4.252991453,0.5155
1586610,196.88,11.85286,72.7,3.304661191,0.088413479,22.4,1.201072386,249.1,4.294827586,0.3247
1591400,149.21,7.79146,59.09,3.28500616,0.083876423,23.1,1.225464191,253.55,4.405734144,0.3311
1594950,899.82,37.38218,6.12,3.921103354,0.189214297,15.25,1.101083032,194.25,2.841989759,0.9731
1596500,663.42,53.96684,124.65,3.314265572,0.188402158,19.15,1.091168091,223.15,3.255288111,0.8759
1605500,856.86,70.44106,463.85,3.209689254,0.137136101,19.15,1.243506494,232.35,3.824691358,0.9904
1606500,836.38,75.86214,1684.55,3.36347707,0.148750519,17.0,1.192982456,214.95,3.398418972,0.9336
1613050,261.6,35.54433,27.9,3.088505133,0.130491593,21.0,1.153846154,246.7,3.869803922,0.9354
1620500,786.35,74.979,44.74,3.398616016,0.123997408,22.25,1.275071633,252.15,4.486654804,0.9722
1632000,543.76,51.70815,543.36,2.931040383,0.11002487,20.55,1.223214286,247.75,4.293760832,0.708
1632900,417.29,48.62437,245.05,2.908112252,0.098076329,21.45,1.198324022,251.6,4.371850565,0.5837
1634500,344.44,47.4082,263.98,2.979180014,0.114828394,22.0,1.145833333,257.35,4.452422145,0.7781
1638480,155.98,16.88797,232.0,3.034422998,0.084558382,21.7,1.243553009,254.0,4.572457246,0.4659
1639500,198.1,11.61235,267.18,3.233238877,0.09612635,21.75,1.185286104,251.25,4.23693086,0.1173
1644000,187.25,23.95326,859.17,3.047648186,0.084351799,22.05,1.225,254.8,4.478031634,0.6186
1658500,97.44,6.88385,19.34,3.21813963,0.069357012,22.4,1.24099723,257.0,4.746075716,1.0
1664000,216.1,30.32647,1605.1,3.149028063,0.082796426,22.25,1.202702703,255.55,4.452090592,0.7519
1666500,201.59,24.98287,463.15,3.200911704,0.082255398,22.4,1.201072386,256.75,4.457465278,0.8137
1667500,193.47,23.44026,1209.75,3.207982204,0.078811793,21.9,1.230337079,255.3,4.463286713,0.8033
1669000,42.94,4.09652,71.84,3.196973306,0.041205983,22.0,1.164021164,255.0,4.541406946,0.9098
1669520,25.42,4.97296,277.39,3.27315948,0.036819915,22.65,1.17357513,252.75,4.489342806,0.9295
2011400,783.86,73.92744,407.72,3.288565366,0.129154722,20.1,1.221884498,236.65,3.756349206,0.9953
2011460,878.38,77.10338,156.34,3.40426694,0.148878265,19.15,1.208201893,231.8,3.59379845,0.995
2013000,691.82,70.85988,424.78,3.036276523,0.097914337,20.65,1.169971671,242.6,3.799530149,0.9852
2014000,691.04,73.63034,396.78,3.12457358,0.097868084,21.15,1.18487395,241.15,3.836913286,0.9092
2015700,753.52,68.72646,285.41,3.195519507,0.128567249,20.4,1.251533742,242.65,3.984400657,0.9911
2016000,645.04,66.42056,1194.55,3.144814511,0.102077363,21.55,1.210674157,243.8,4.076923077,0.9317
2017500,695.27,69.63081,276.15,3.025297741,0.090184527,21.15,1.191549296,243.95,4.038907285,0.9349
2018000,648.68,66.96658,852.34,3.055764545,0.084968614,21.0,1.235294118,242.0,4.067226891,0.8857
2027000,387.44,57.5512,240.77,3.467886379,0.090473222,21.75,1.232294618,260.55,4.615589017,0.9407
2027500,350.53,52.51564,123.34,3.665534565,0.100786018,22.15,1.223756906,261.15,4.585601405,0.9407
2028500,377.48,66.86826,245.45,3.326447639,0.080256958,21.2,1.247058824,258.5,4.666064982,0.9644
2038850,176.41,9.80131,22.0,3.149615332,0.065522598,23.75,1.193467337,267.65,4.979534884,0.93
2046000,86.64,6.04481,288.52,3.268863792,0.045372827,22.85,1.202631579,260.15,4.572056239,0.9359
2051000,151.02,7.49999,144.82,3.170865161,0.057024578,23.95,1.179802956,266.75,4.85,0.9387
2051500,113.4,6.85615,1428.71,3.190273785,0.052551497,23.25,1.159600998,260.85,4.612732095,0.9081
2053200,25.28,2.20328,583.66,3.333931554,0.024831683,22.25,1.225895317,259.95,4.696476965,0.5848
2053800,705.68,36.16538,280.72,3.228056126,0.093817255,20.75,1.195965418,246.85,4.234133791,0.8875
2055100,399.99,38.79042,30.54,3.056229979,0.062211992,21.8,1.345679012,253.9,4.641681901,0.5089
2056900,423.07,33.49522,298.11,3.179344285,0.064605937,21.8,1.286135693,251.35,4.516621743,0.9121
2059500,319.14,27.0257,485.41,3.099616701,0.052938916,21.55,1.282738095,256.2,4.662420382,0.8421
2064000,192.21,9.95686,427.77,3.095496235,0.060601169,23.4,1.244680851,264.55,4.899074074,0.909
2065500,170.09,10.06294,252.58,3.132863792,0.061713997,23.2,1.202072539,264.65,4.864889706,0.9058
2069700,372.62,23.01829,221.13,3.522610541,0.053395159,22.0,1.202185792,253.5,4.502664298,0.9644
2070000,308.66,12.22606,270.61,3.300353183,0.050862165,22.15,1.262108262,255.3,4.646041856,0.9642
2074500,223.3,10.70863,288.53,3.270950034,0.052469021,22.4,1.298550725,254.85,4.72381835,0.8579
2077200,194.0,7.08453,121.69,3.278396988,0.048988901,23.25,1.223684211,257.7,4.525021949,0.7114
2081500,132.21,6.46534,428.37,3.266579055,0.043624771,23.05,1.158291457,265.2,4.765498652,0.8481
2082950,79.77,6.54582,460.85,3.263115674,0.032992743,22.9,1.165394402,260.8,4.644701692,0.7774
2092500,21.88,2.57074,447.58,3.782791239,0.012083252,20.95,1.281345566,254.35,4.505757307,0.7118
2096846,182.85,7.73462,19.57,3.34620397,0.039252545,23.2,1.183673469,259.25,4.604795737,0.9156
2102908,106.88,10.48159,19.73,3.355067762,0.023511176,23.7,1.264,263.9,4.811303555,0.6906
2108000,31.61,3.14028,1569.48,3.810368241,0.009281926,21.2,1.288753799,261.05,4.772394881,0.4232
2111180,551.06,56.42993,131.47,3.71566872,0.046056878,20.1,1.189349112,239.25,4.075809199,1.0
2111500,454.02,35.95807,233.66,3.582835044,0.052369252,21.45,1.20505618,248.15,4.34208224,0.9831
2112120,460.03,35.93547,322.27,3.55881588,0.052404975,21.25,1.200564972,252.0,4.483985765,0.901
2112360,405.86,23.71832,205.3,3.440353183,0.053113627,22.5,1.187335092,251.1,4.45212766,0.8821
2118500,336.82,18.17467,400.53,3.497720739,0.041370835,22.35,1.238227147,250.15,4.556466302,0.7055
2125000,190.23,9.32187,144.55,3.233518138,0.024791233,24.2,1.231552163,267.9,5.054716981,0.3877
2128000,195.23,8.97028,273.48,3.240676249,0.025670443,22.45,1.305232558,255.65,4.8834766,0.8588
2137727,602.18,65.11037,329.54,3.981318275,0.040531531,18.15,1.256055363,237.75,4.234194123,0.9861
2140991,529.42,43.76522,521.99,3.727754962,0.042038467,19.95,1.209090909,234.95,4.093205575,0.9821
2143000,399.35,27.07084,216.67,3.704498289,0.031326216,22.0,1.349693252,249.55,4.917241379,0.6406
2143040,411.33,33.1444,66.48,4.045849418,0.03456107,22.85,1.364179104,256.85,5.041216879,0.9465
2149000,403.91,39.54624,203.85,3.821597536,0.029590458,20.35,1.267912773,245.6,4.556586271,0.9755
2152100,414.31,40.11642,154.99,3.773462012,0.030080747,23.15,1.342028986,255.25,4.913378248,0.9009
2177000,705.59,47.86459,526.77,5.374477755,0.026739557,18.95,1.246710526,231.7,4.182310469,0.9731
2178400,797.91,59.8088,151.28,5.213092402,0.033836253,20.15,1.279365079,236.65,4.184792219,0.9777
2193340,167.93,7.49879,87.87,3.274065708,0.012744883,24.6,1.248730964,273.1,5.302912621,0.8688
2196000,142.19,7.2448,1408.38,3.324466804,0.014697823,22.45,1.197333333,261.5,4.842592593,0.8727
2198100,83.45,5.25896,79.49,3.319218344,0.003093593,25.4,1.361930295,280.85,6.152245345,0.45
2202600,34.93,2.40016,590.47,3.341364819,0.000456805,24.8,1.429394813,271.1,5.893478261,0.6165
2212600,159.45,7.25507,187.96,3.37187269,0.0090238,24.6,1.28125,274.0,5.552178318,0.927
2215100,113.08,4.53352,420.29,3.354398357,0.001033306,23.6,1.229166667,271.2,5.271137026,0.1516
2216180,83.53,5.30253,129.11,3.409097878,0.000534865,24.75,1.265984655,278.9,5.774327122,0.4884
2221525,176.01,7.55177,490.8,3.359123888,0.009538519,24.5,1.262886598,270.65,5.245155039,0.8252
2231000,38.71,2.187,1748.37,3.719431896,0.000235918,20.9,1.247761194,252.65,5.156122449,0.9529
2231342,21.9,0.94602,111.56,3.783494867,0.0,21.3,1.356687898,259.45,6.104705882,0.1387
2235200,26.25,3.67575,297.7,3.743501711,0.0,20.1,1.326732673,249.75,5.708571429,0.6142
2245500,41.45,4.14377,348.43,3.755990418,0.000436629,20.1,1.326732673,252.95,5.5532382,0.8235
2246000,34.57,4.00959,451.06,3.703221081,0.000332692,20.75,1.288819876,253.6,5.436227224,0.8293
2296500,31.23,1.71633,886.4,3.680246407,0.0,22.7,1.359281437,256.8,5.910241657,0.1676
2297155,35.51,1.24624,93.6,3.968116359,0.0,24.3,1.416909621,270.6,6.911877395,0.1264
2297310,25.71,1.18116,528.38,3.841661875,0.0,22.8,1.443037975,260.6,6.647959184,0.1446
2298123,21.75,0.82221,540.65,3.684447639,0.0,22.6,1.329411765,255.7,6.073634204,0.1369
2298608,22.79,1.6186,312.34,3.896312115,0.0,22.65,1.415625,265.9,6.757306226,0.0756
2299950,33.67,1.61485,174.27,3.962772074,0.0,22.55,1.400621118,268.25,6.773989899,0.0572
2300700,25.46,2.88661,73.84,3.89649692,0.0,22.3,1.415873016,265.25,6.549382716,0.0836
2310947,42.23,1.87911,649.56,3.760804928,0.0,21.05,1.323899371,248.9,5.663253697,0.3118
2312200,34.11,1.64182,413.48,3.593145791,0.0,21.85,1.300595238,255.6,5.992966002,0.4082
2314500,42.05,1.56449,3322.15,3.651924709,0.00024965,22.3,1.24929972,259.35,5.282077393,0.9741
2315500,39.99,2.02123,6136.26,3.667278576,0.000242633,21.05,1.260479042,249.65,5.018090452,0.9266
2324400,31.14,0.92155,176.27,3.851672827,0.000197253,21.3,1.264094955,269.3,5.598752599,0.8795
2327100,25.14,1.56064,271.12,4.168399726,0.00010082,22.75,1.453674121,267.55,5.912707182,1.0
2342933,127.7,7.99022,290.1,3.814603696,0.002796271,23.1,1.218997361,275.8,5.466798811,0.9083
2349900,116.19,3.41104,122.87,3.39147707,0.001081747,23.85,1.210659898,272.5,5.225311601,0.0989
2350900,139.77,6.74759,1365.12,3.635820671,0.001767718,22.1,1.238095238,269.05,5.291052114,0.3941
2361000,117.14,8.27039,1781.61,3.958042437,0.001512442,21.4,1.222857143,262.95,5.037356322,0.4408
2363000,135.39,7.57689,1292.51,3.960396988,0.002655656,22.85,1.199475066,269.8,5.114691943,0.635
2369800,72.29,4.2203,227.51,4.619824778,0.000872353,21.0,1.25,262.3,4.981956315,0.9643
2371500,125.86,7.42604,1292.79,3.969983573,0.00401714,22.4,1.188328912,264.55,4.991509434,0.6862
2372250,122.94,7.29973,1145.22,3.983117043,0.003475999,22.65,1.217741935,263.65,4.993371212,0.7608
2374500,109.86,7.40892,445.72,4.419623546,0.003042556,21.2,1.177777778,262.95,4.820348304,0.949
2381600,512.02,35.2973,10.32,4.271549624,0.016637787,21.85,1.168449198,259.2,4.587610619,0.933
2384540,499.46,93.55977,21.37,4.927827515,0.031682787,19.95,1.216463415,255.4,4.512367491,0.96
2395120,250.6,9.60933,84.01,3.75370705,0.01248941,23.1,1.215789474,266.25,4.784366577,0.7132
2408540,242.26,15.57552,682.41,4.065550992,0.010695027,21.8,1.188010899,255.55,4.650591447,0.8204
2415000,270.56,12.25237,491.38,4.055130732,0.012469141,21.25,1.170798898,254.1,4.561938959,0.9106
2422500,144.84,11.05647,527.55,3.998073922,0.007180391,22.65,1.1796875,263.05,4.866790009,0.6695
2427250,102.61,6.93052,675.24,4.043415469,0.003181079,22.35,1.152061856,266.05,4.935992579,0.9336
2430085,150.01,6.72984,40.56,4.232670773,0.012676724,22.85,1.24863388,264.65,4.816196542,0.8644
2430615,132.82,6.11799,28.71,4.241219713,0.010538985,22.5,1.239669421,264.45,4.81255687,0.9889
2450250,254.92,12.27321,231.83,4.409545517,0.014286411,21.1,1.241176471,256.3,4.808630394,0.8413
2464000,143.69,9.66599,578.94,4.272309377,0.011217518,22.2,1.180851064,257.35,4.717690192,0.9846
2464146,140.81,9.04939,15.82,4.159726215,0.010091224,23.85,1.235751295,264.65,5.084534102,0.9571
2464360,114.12,8.63619,148.62,4.098058864,0.009536576,23.65,1.241469816,264.1,4.964285714,0.9717
2465493,101.5,9.53966,83.42,4.043492129,0.007310655,23.7,1.250659631,266.2,5.14893617,0.8617
2469800,78.13,9.86442,422.68,4.096008214,0.003171649,22.75,1.210106383,266.8,5.096466094,0.9839
2472000,123.24,6.76654,1927.13,4.158402464,0.006014722,23.2,1.211488251,259.85,4.861552853,0.6696
2472500,113.73,6.76541,789.94,4.256157426,0.00245439,22.45,1.157216495,260.3,4.702800361,0.5865
2479155,70.21,6.65609,137.28,4.428888433,0.001802613,21.95,1.206043956,262.75,5.023900574,0.9355
2479300,65.19,5.84957,1144.2,4.618568104,0.000741287,20.5,1.198830409,247.9,4.744497608,0.8895
2479560,64.68,6.14661,1454.33,4.649990418,0.000888184,20.1,1.292604502,247.05,4.882411067,0.8849
2481000,51.66,5.61014,249.23,4.79164271,0.000365398,20.25,1.28164557,251.25,4.945866142,0.8845
2481510,64.0,5.13464,800.66,4.620825462,0.000762255,20.4,1.232628399,246.6,4.710601719,0.7816
3010655,635.06,32.95227,254.44,3.284587269,0.207261759,17.2,1.166101695,207.55,2.952347084,0.9918
3011800,628.71,19.77674,100.1,3.589425051,0.210192691,14.65,1.181451613,199.35,2.982049364,1.0
3015500,492.56,22.04748,784.85,3.599088296,0.192038519,15.4,1.162264151,197.85,2.935459941,0.9837
3021350,485.4,20.02559,239.67,3.685735797,0.208263539,15.45,1.240963855,200.1,3.066666667,0.9747
3026500,577.23,15.82974,20.31,3.539561944,0.20981494,15.95,1.143369176,201.75,2.980059084,1.0
3028000,569.02,18.29113,161.11,3.464323066,0.203474312,16.4,1.119453925,203.6,2.996320824,0.9796
3049000,365.27,16.00521,357.15,3.292454483,0.139333377,17.9,1.111801242,216.65,3.167397661,0.7165
3049800,296.6,21.30523,14.89,3.027023956,0.116341909,18.65,1.144171779,222.35,3.392067124,0.2546
3050000,998.82,65.76346,487.29,3.873125257,0.158964457,14.7,1.143968872,194.6,2.882962963,0.9766
3066000,1072.01,68.69899,222.79,4.160377823,0.222508815,13.6,1.101214575,195.0,2.871870398,0.9532
3069500,961.46,63.79304,1856.85,4.073518138,0.19464463,13.15,1.163716814,190.2,2.834575261,0.9408
3070500,599.73,30.19392,517.38,3.700212183,0.144725592,15.25,1.101083032,203.35,2.981671554,0.717
3076600,795.46,21.46688,127.4,3.653686516,0.189395501,16.1,1.095238095,206.8,2.990600145,0.8242
3078000,767.06,30.57341,161.48,3.509216975,0.194625437,17.15,1.07523511,214.45,3.050497866,0.8405
3140000,287.7,15.82284,70.35,2.913078713,0.089458478,21.55,1.242074928,241.2,3.780564263,0.7138
3144000,292.28,13.11071,363.41,2.994622861,0.093602405,20.35,1.222222222,239.65,3.681259601,0.7303
3159540,232.8,10.08158,400.85,3.145720739,0.078983476,20.8,1.165266106,240.1,3.671253823,0.8237
3161000,834.21,57.20214,527.86,4.047199179,0.087442529,19.45,1.193251534,232.65,3.8775,0.9955
3164000,766.6,45.80251,2952.74,3.740510609,0.083995897,19.7,1.172619048,235.4,3.966301601,0.9348
3165000,707.63,45.4663,102.0,3.671501711,0.075821616,21.3,1.227665706,252.2,4.333333333,0.8448
3170000,713.74,32.96335,794.64,3.322125941,0.094558584,20.55,1.194767442,247.65,4.251502146,0.8847
3173000,750.95,46.98351,773.32,3.022851472,0.094200099,19.25,1.188271605,234.9,3.866666667,0.8116
3180500,1057.03,44.26244,345.06,3.782822724,0.195303023,14.8,1.160784314,204.05,3.027448071,0.9877
3182500,934.51,59.7077,1364.97,3.55233128,0.170253081,17.7,1.164473684,212.8,3.219364599,0.9922
3186500,1057.61,61.17799,329.68,4.142934976,0.190731671,15.2,1.117647059,206.8,2.997101449,0.9927
3187500,1061.95,60.18061,207.41,4.134422998,0.182826214,16.2,1.121107266,213.85,3.133333333,0.9918
3213700,611.92,37.9826,2425.06,3.475412731,0.07309548,18.1,1.152866242,222.3,3.386138614,0.9792
3237280,248.51,31.52585,32.95,3.528353183,0.084730638,19.05,1.179566563,238.85,3.697368421,0.9863
3237500,272.36,14.22302,1003.21,3.226532512,0.078710402,20.8,1.139726027,239.5,3.736349454,0.5206
3238500,285.37,7.5191,568.5,3.252699521,0.074738531,20.9,1.157894737,239.6,3.770259638,0.1747
3241500,319.84,3.27837,170.91,3.070156057,0.077946752,20.7,1.189655172,248.25,4.059689289,0.0257
3280700,540.37,28.95669,158.22,3.99057358,0.058446085,18.85,1.167182663,232.5,3.582434515,0.991
3281100,403.43,22.48228,422.72,3.816214921,0.041671315,19.55,1.195718654,240.5,3.94909688,0.9463
3281500,376.49,21.8686,1838.22,3.801241615,0.044067881,19.5,1.185410334,236.5,3.867538839,0.9654
3285000,323.6,12.08007,822.34,3.533520876,0.044646811,21.55,1.210674157,245.3,4.154106689,0.5302
3291780,249.83,14.47984,71.41,3.624016427,0.067368653,21.15,1.297546012,251.7,4.373588184,0.7056
3300400,254.43,9.33197,1128.58,3.457906913,0.053766408,21.45,1.208450704,248.5,4.141666667,0.4901
3338780,213.25,3.19469,691.56,2.915939767,0.072550319,22.15,1.237430168,259.35,4.562005277,0.0378
3340800,268.15,4.37041,357.65,3.117180014,0.073228668,22.35,1.182539683,252.7,4.190713101,0.2735
3346000,173.5,2.57944,814.69,3.133143053,0.062106965,22.75,1.263888889,255.35,4.547640249,0.0951
3357350,258.64,5.84999,7.75,3.220156057,0.070238198,22.6,1.167958656,253.55,4.183993399,0.4476
3364500,274.58,3.79613,237.09,3.348644764,0.080417058,22.85,1.183937824,248.25,4.039869813,0.2772
3366500,240.19,8.50477,755.22,3.615696099,0.059067129,21.35,1.286144578,247.45,4.270060397,0.5748
3368000,264.12,4.26263,29.72,3.508962355,0.067085866,21.45,1.194986072,250.6,4.111566858,0.6327
3384450,166.37,16.36598,111.13,3.669481177,0.049672531,23.5,1.243386243,265.05,4.863302752,0.913
3439000,863.18,63.23118,178.67,5.56067488,0.037466092,18.9,1.203821656,231.5,4.122885129,0.9948
3450000,891.9,105.59692,14.08,4.094606434,0.084269051,17.55,1.319548872,240.55,4.265070922,0.9721
3455500,1326.82,91.67733,72.95,5.800580424,0.077431417,17.8,1.285198556,230.7,4.012173913,0.9922
3456500,1162.13,99.95219,133.43,4.787383984,0.063873677,17.3,1.262773723,233.25,4.191374663,0.9658
3460000,1254.53,116.23587,127.02,4.471080082,0.077253344,15.15,1.207171315,226.45,3.767886855,0.9933
3463300,1025.66,112.34116,112.16,4.56529911,0.08491639,17.25,1.259124088,233.0,3.982905983,1.0
3471500,1023.62,69.46205,198.16,3.412537988,0.08387117,19.4,1.161676647,238.25,3.805910543,0.8219
3473000,916.29,56.64293,784.81,3.495952088,0.083266733,17.9,1.151125402,231.8,3.750809061,0.8628
3479000,1040.03,82.19102,235.6,3.973234771,0.090417124,18.25,1.173633441,226.6,3.643086817,0.9873
3488000,812.91,54.05912,578.21,3.274212183,0.081549052,18.3,1.165605096,224.95,3.48489543,0.8315
3498500,680.92,77.71156,696.76,4.330517454,0.034370779,16.4,1.247148289,217.1,3.66722973,0.8376
3500000,808.87,67.89742,361.14,5.195041752,0.029248918,19.75,1.270096463,233.0,4.127546501,0.9577
3500240,967.11,82.16983,145.86,5.038084873,0.029394719,19.05,1.274247492,237.4,4.172231986,0.9592
3504000,1039.71,86.43459,134.52,5.603148528,0.058991229,19.05,1.265780731,237.0,4.154250657,0.9516
3574500,337.61,47.69583,813.8,4.290780287,0.020068179,21.15,1.274096386,237.3,4.298913043,0.8794
3592718,173.22,6.67758,66.99,4.275357974,0.014910912,21.2,1.250737463,257.85,4.679673321,0.9566
3604000,269.53,10.29605,1163.03,4.350184805,0.025599076,21.9,1.255014327,249.0,4.623955432,0.8342
4015330,337.69,19.16862,224.35,2.239800137,0.19607939,20.8,1.377483444,250.85,4.471479501,0.9911
4024430,343.48,6.93316,1091.25,2.233154004,0.160866759,22.25,1.332335329,261.25,5.107526882,0.9961
4027000,425.75,9.36771,1619.85,2.423422313,0.235000085,18.95,1.199367089,240.2,3.803642122,0.9959
4040500,497.28,8.10212,419.83,2.439718001,0.3096076,16.8,1.226277372,217.8,3.379363848,1.0
4043050,239.41,16.9632,76.62,2.072616016,0.299401075,19.0,1.292517007,236.9,3.896381579,0.9769
4045500,236.77,6.40846,1909.59,2.564099932,0.300079815,15.95,1.172794118,214.05,3.643404255,0.982
4056500,232.99,4.97773,2945.89,2.396021903,0.277927594,17.05,1.192307692,224.4,3.780960404,0.9888
4057510,228.86,4.66219,473.57,2.356332649,0.253134693,19.7,1.223602484,234.3,3.882352941,0.9814
4057800,476.21,6.3961,115.87,2.490354552,0.334246736,17.85,1.243902439,218.4,3.349693252,1.0
4059500,314.09,6.07833,1184.37,2.183022587,0.235319791,21.45,1.236311239,245.45,4.080631754,0.9954
4063700,473.28,5.5832,362.57,2.300633812,0.21196611,21.8,1.249283668,250.1,4.053484603,0.9981
4074950,482.31,7.42761,1205.53,2.371895962,0.203272983,20.9,1.233038348,250.15,4.09410802,0.9667
4105700,277.91,6.57315,98.04,2.800427105,0.154578944,19.4,1.223974763,232.9,3.846407927,0.6706
4115265,254.56,4.35688,95.78,2.497285421,0.176923663,22.05,1.270893372,245.25,3.968446602,0.1706
4122200,244.61,6.17213,1048.28,2.638906229,0.175430988,19.25,1.336805556,238.4,4.089193825,0.7431
4122500,270.61,7.82371,1769.19,2.613932923,0.184317913,19.6,1.328813559,232.75,3.924957841,0.7555
4124000,336.67,9.92703,2243.63,2.474481862,0.226973864,17.3,1.193103448,220.75,3.492879747,0.7036
4127918,234.05,5.24337,548.29,2.622970568,0.29025406,15.25,1.177606178,209.55,3.469370861,0.9563
4127997,356.97,12.23471,487.16,2.523626283,0.268061615,16.75,1.236162362,218.0,3.606286187,0.7608
4161580,277.3,7.53129,64.31,2.478576318,0.157673147,21.8,1.249283668,251.0,4.10466067,0.3152
4185000,250.64,3.32824,1064.0,2.587984942,0.125203449,22.45,1.230136986,252.0,4.235294118,0.2041
4196800,276.66,2.52382,608.07,2.674605065,0.099311649,21.2,1.239766082,245.9,4.001627339,0.0048
4197100,298.46,2.93165,388.21,2.758525667,0.111863761,20.2,1.224242424,239.1,3.819488818,0.0067
4197170,275.04,3.32921,95.21,2.712798084,0.107584956,20.2,1.171014493,242.9,3.822187254,0.0059
4213000,322.72,10.20101,455.3,3.258936345,0.162227338,17.0,1.18466899,209.8,3.164404223,0.9317
4213075,358.17,13.85748,11.65,3.257564682,0.160655071,16.65,1.332,210.3,3.296238245,0.9686
4216418,533.55,22.26514,196.47,3.154031485,0.225393877,15.25,1.146616541,202.85,2.956997085,0.9172
4221000,658.41,27.06629,750.88,3.175522245,0.207214753,16.85,1.154109589,212.45,3.094683176,0.969
4224775,519.45,36.93333,231.84,2.914366872,0.204650191,17.2,1.142857143,217.75,3.151230101,0.8681
4233000,434.01,40.08692,91.9,2.870416153,0.169532329,18.8,1.135951662,226.0,3.233190272,0.9837
4256000,486.49,16.94626,232.45,3.641040383,0.279703585,15.1,1.102189781,195.8,2.809182209,1.0
4296000,390.99,40.51472,302.19,3.615295003,0.273317826,13.65,1.207964602,185.9,2.789197299,1.0
5056000,493.5,4.38699,4862.02,1.300759754,0.165918933,24.3,1.459459459,296.4,7.851655629,0.0042
5057000,480.87,4.08896,7582.46,1.349991786,0.162742897,23.95,1.442771084,288.8,7.193026152,0.0063
5057200,447.5,2.33897,1897.33,1.451779603,0.141789208,24.85,1.44057971,296.85,7.402743142,0.0165
5062500,428.27,5.82564,2407.05,1.888176591,0.154627702,22.85,1.368263473,274.25,5.574186992,0.6171
5087500,306.72,1.8495,600.82,1.636750171,0.157256412,22.55,1.391975309,281.95,6.005324814,0.1448
5120500,515.77,5.85036,1509.83,1.311843943,0.19176627,24.3,1.369014085,304.15,8.154155496,0.0019
5123400,492.06,4.58163,3206.1,1.352298426,0.18670674,23.0,1.446540881,289.4,7.136868064,0.0461
5129115,428.21,6.94996,2357.59,1.973115674,0.174442072,19.35,1.29,251.5,4.822627037,0.9664
5131500,413.17,5.75333,4383.51,1.996502396,0.171343451,18.4,1.36802974,245.0,4.989816701,0.9729
5291000,432.13,8.90129,1046.78,1.73521013,0.148874501,24.25,1.381766382,288.1,6.555176337,0.0059
5362000,434.01,5.6153,1477.29,2.35849692,0.174430983,22.85,1.287323944,254.85,4.33787234,0.9909
5393500,487.07,7.18561,220.44,2.388422998,0.196169866,22.3,1.238888889,253.65,4.01027668,1.0
5399500,408.61,4.56736,576.3,2.281986311,0.156958256,22.2,1.193548387,255.55,4.185913186,0.7338
5408000,348.35,18.52763,689.33,2.486422998,0.140156645,21.85,1.292899408,261.75,4.432684166,0.9563
5412500,327.65,8.01917,3858.21,2.688338125,0.123139415,21.7,1.212290503,256.05,4.339830508,0.5276
5413500,280.29,14.29374,695.33,2.651338809,0.124159246,21.9,1.171122995,259.15,4.231020408,0.599
5414000,291.51,11.74505,370.79,2.707295003,0.123542294,22.5,1.171875,259.0,4.204545455,0.4849
5444000,241.53,6.34198,376.35,2.806124572,0.113352333,22.7,1.363363363,259.45,4.854069224,0.1186
5454000,225.39,4.6154,65.38,2.747003422,0.10238124,23.15,1.361764706,262.55,4.853049908,0.0902
5458000,355.97,4.61454,776.76,2.567882272,0.122540966,23.2,1.278236915,265.2,4.752688172,0.2524
5466500,222.09,4.95695,1151.57,2.730429843,0.107102802,22.55,1.266853933,259.6,5.050583658,0.0954
5487980,309.96,6.21127,882.73,2.685623546,0.096451917,23.35,1.212987013,265.1,4.983082707,0.2602
5488200,282.37,6.56634,234.21,2.663479808,0.101821376,23.75,1.208651399,267.9,5.069063387,0.4427
5489000,281.38,6.43914,964.76,2.680933607,0.097742468,22.65,1.211229947,266.05,4.859360731,0.3304
5495000,236.65,5.82876,1027.55,2.729774127,0.096562359,23.3,1.185750636,265.95,4.947906977,0.2856
5495500,203.55,4.21758,905.56,2.752906229,0.075832497,23.5,1.273712737,270.4,4.998151571,0.1464
5501000,215.88,5.30531,922.83,2.820394251,0.080596593,24.0,1.212121212,268.5,4.84220018,0.1158
5503800,232.79,3.69705,212.64,2.945878166,0.083284386,24.25,1.25,270.25,5.027906977,0.076
5507600,232.77,1.80947,275.38,2.920492813,0.074263389,23.6,1.272237197,268.5,4.958448753,0.0387
5508805,223.69,4.6271,536.4,2.872459959,0.075793058,23.3,1.249329759,268.4,4.862318841,0.0858
5514500,226.22,7.41926,2407.41,2.948210815,0.071389369,23.3,1.229551451,264.65,4.855963303,0.2339
5525500,217.33,2.73734,1158.76,2.846590007,0.077566299,21.8,1.194520548,255.4,4.362083689,0.0268
5556500,217.97,6.17927,505.09,2.783137577,0.106987815,23.2,1.267759563,258.85,4.793518519,0.1229
5584500,197.83,3.91674,1695.67,2.770427105,0.086476559,23.25,1.253369272,265.3,4.949626866,0.1497
5585000,197.96,4.56575,3354.61,2.766807666,0.082050691,23.0,1.243243243,265.55,4.917592593,0.202
5591550,211.21,3.71276,96.21,2.89986037,0.069251605,23.5,1.291208791,263.9,4.855565777,0.0151
5592050,191.16,3.71375,254.12,2.832898015,0.074088929,23.55,1.223376623,262.85,4.697944593,0.0709
5592575,176.47,1.56531,115.25,2.983382615,0.063880192,24.8,1.192307692,264.25,4.595652174,0.0625
5593575,153.43,3.13593,217.67,2.964422998,0.054747355,24.55,1.166270784,268.7,4.764184397,0.0737
5593900,196.82,3.03005,145.45,2.861801506,0.073433926,24.4,1.22,267.5,4.730327144,0.0715
5595730,151.58,3.36518,236.76,3.100681725,0.056671647,24.0,1.191066998,265.8,4.746428571,0.0879
6037500,2412.29,37.64619,1126.25,2.405824778,0.648344908,14.1,1.349282297,223.3,5.266509434,0.8534
6043500,2374.11,116.56357,2120.42,2.198332649,0.58082412,12.05,1.199004975,213.75,4.098753595,0.7832
6154410,1168.62,49.82483,33.41,1.290872005,0.197818198,26.75,1.656346749,307.1,8.824712644,0.199
6188000,2569.59,104.83955,1730.28,2.252744695,0.62110681,10.05,1.288461538,209.0,4.287179487,0.782
6191500,2547.95,94.05817,6783.59,2.163867214,0.62926226,9.75,1.282894737,203.65,4.561030235,0.7861
6221400,3336.8,127.16435,227.88,1.550640657,0.714826752,22.75,1.458333333,274.2,6.267428571,0.297
6224000,3116.82,105.14637,484.86,1.479036277,0.693901351,23.35,1.501607717,275.95,6.462529274,0.387
6278300,2953.37,86.72682,58.85,1.933919233,0.732862235,16.85,1.252788104,255.85,5.291623578,0.5225
6280300,3003.52,141.18886,793.95,1.952149213,0.666773489,15.95,1.276,235.8,4.244824482,0.5853
6289000,2507.99,86.42554,471.27,1.721811088,0.583642806,18.5,1.434108527,258.8,5.632208923,0.6859
6291500,2238.49,100.83533,217.96,1.56217796,0.404772817,22.15,1.565371025,272.8,6.526315789,0.5915
6311000,2515.87,41.0532,61.23,1.456565366,0.57382796,23.65,1.468944099,279.25,6.547479484,0.3219
6332515,683.69,21.51406,191.49,1.211637235,0.173914615,23.65,1.429003021,293.25,6.924439197,0.0
6339100,759.27,10.76088,529.14,1.15557974,0.160349274,24.3,1.5,297.4,7.59642401,0.0
6339500,711.32,10.60067,3171.46,1.136354552,0.161668315,23.25,1.504854369,298.65,8.049865229,0.0002
6344600,796.57,7.89802,402.5,1.136924025,0.162624033,25.2,1.565217391,297.9,7.839473684,0.0
6350000,833.77,7.61453,1501.05,1.077960301,0.164913328,24.05,1.541666667,302.35,8.283561644,0.0
6352000,840.97,7.25043,1441.83,1.095667351,0.168403956,24.15,1.468085106,301.65,8.011952191,0.0
6353000,767.71,9.54494,4526.51,1.135227926,0.155792226,23.45,1.443076923,300.55,8.079301075,0.0001
6354000,743.88,9.74186,10598.19,1.138187543,0.1592635,22.65,1.442675159,296.75,7.913333333,0.0001
6360500,802.48,10.51138,12654.96,1.187192334,0.152009123,23.15,1.433436533,293.6,7.567010309,0.0001
6404000,1506.1,44.57631,151.83,1.540819986,0.191294359,24.85,1.488023952,284.9,6.711425206,0.7102
6406000,1337.4,35.11128,436.34,1.428150582,0.167832878,24.25,1.492307692,287.55,7.152985075,0.5327
6408700,2018.14,35.35106,20.8,1.838093087,0.373160739,22.6,1.434920635,273.6,6.08676307,0.9795
6409000,1960.28,31.3792,205.33,1.733442847,0.343337177,22.85,1.437106918,270.4,5.840172786,0.7952
6431500,1889.64,36.22756,427.1,1.965182752,0.369931442,20.7,1.422680412,261.65,5.356192426,0.9044
6440200,756.84,9.79001,649.19,1.316009582,0.14080585,24.25,1.413994169,295.2,7.208791209,0.0
6441500,683.42,12.47192,8152.55,1.309505818,0.131508247,23.05,1.414110429,291.05,7.240049751,0.0005
6447000,1057.12,14.40932,12849.71,1.313160849,0.142712538,23.3,1.403614458,285.85,6.879663057,0.0358
6447500,1040.9,6.49678,826.61,1.437181383,0.155649176,25.25,1.414565826,292.45,7.176687117,0.0
6450500,912.42,10.41664,4111.27,1.471411362,0.144339853,24.0,1.420118343,285.4,6.877108434,0.0001
6452000,923.24,12.73758,25791.04,1.382093087,0.131326768,22.2,1.418530351,278.6,6.360730594,0.0242
6453600,569.46,12.77542,2101.42,1.7176564,0.128318993,25.25,1.402777778,289.85,6.892984542,0.0217
6464500,768.53,9.07924,2914.04,1.546439425,0.131171471,25.15,1.416901408,290.7,7.213399504,0.0109
6468170,516.41,4.68375,2809.1,1.30774538,0.143378889,25.05,1.419263456,301.35,8.476793249,0.003
6468250,508.66,4.53343,3242.61,1.319754962,0.144027317,25.25,1.422535211,299.3,8.290858726,0.0031
6470800,423.26,3.54676,1071.14,1.557598905,0.147189465,24.95,1.393854749,296.7,7.353159851,0.0061
6477500,466.03,5.211,1512.44,1.680016427,0.132381125,24.6,1.374301676,295.6,7.262899263,0.0
6479215,569.24,6.43082,175.28,1.806774812,0.164751422,25.7,1.378016086,289.15,6.404208195,0.0
6479438,554.25,5.06923,951.91,1.76455989,0.159799257,26.1,1.392,288.1,6.607798165,0.0027
6601000,415.2,9.0517,450.2,2.115007529,0.105879368,25.4,1.365591398,291.05,6.614772727,0.0365
6614800,3296.83,145.84396,4.03,2.917613963,0.760476738,12.15,1.233502538,233.85,4.826625387,0.821
6622700,2837.34,71.34178,98.7,2.257149897,0.717691989,14.3,1.259911894,240.95,4.947638604,0.7496
6623800,2970.51,90.87092,187.66,2.868472279,0.753935609,14.85,1.280172414,229.1,4.823157895,0.9211
6632400,3001.56,69.03992,162.99,2.246401095,0.74451187,15.7,1.308333333,240.45,4.92221085,0.7266
6746095,3370.38,121.42221,8.9,2.754986995,0.728744289,12.7,1.233009709,235.3,4.902083333,0.821
6784000,790.29,7.87218,6019.74,1.745111567,0.115205161,24.6,1.277922078,287.05,6.407366071,0.0143
6803510,373.26,8.11686,113.28,2.104924025,0.094047593,24.9,1.313984169,282.5,6.036324786,0.0
6803530,377.45,8.30034,309.75,2.142568104,0.099195858,24.3,1.259067358,282.2,5.866943867,0.0
6814000,401.18,7.57575,713.83,2.400602327,0.090284209,24.5,1.237373737,283.25,5.975738397,0.0044
6847900,885.8,6.55023,1536.19,1.575601643,0.102382585,24.65,1.325268817,297.3,7.36802974,0.001
6853800,559.13,6.65393,589.43,1.945875428,0.104135742,23.9,1.19201995,292.05,6.570303712,0.0
6876700,448.53,8.37527,1056.44,2.055776865,0.079611385,25.7,1.317948718,294.15,7.03708134,0.0
6878000,393.93,6.59798,776.42,2.229780972,0.072786712,25.4,1.282828283,288.65,6.597714286,0.0
6879650,402.0,11.67178,11.51,2.623746749,0.067249734,23.25,1.226912929,279.35,5.564741036,0.0311
6885500,394.81,8.30284,1062.87,2.445574264,0.084298726,24.95,1.2200489,285.3,6.109207709,0.0076
6888500,412.34,10.57049,842.35,2.638001369,0.070371966,24.4,1.22,280.95,5.704568528,0.0139
6889200,347.72,8.52093,385.66,2.589623546,0.07161525,24.45,1.24744898,282.5,5.916230366,0.0174
6889500,335.49,8.09609,748.58,2.619830253,0.069599736,25.0,1.278772379,279.2,5.816666667,0.0149
6892000,304.55,9.14485,1092.72,2.774991102,0.071517825,24.9,1.29015544,274.05,5.432111001,0.067
6903400,322.12,4.78235,481.42,2.771672827,0.097926268,23.4,1.206185567,261.85,4.730803975,0.222
6906800,279.08,8.38096,1414.75,3.190375086,0.060450474,24.05,1.31420765,269.15,5.32970297,0.3516
6910800,376.84,6.45264,444.6,2.667686516,0.061306636,24.9,1.23573201,286.85,6.208874459,0.0074
6911900,367.43,6.40301,293.06,2.665383984,0.06185316,25.25,1.225728155,286.85,6.129273504,0.0178
6917000,296.09,6.4432,765.78,3.020013689,0.051070205,25.1,1.328042328,277.45,5.697125257,0.0592
6918460,372.29,8.23995,650.69,3.229486653,0.049858847,23.95,1.270557029,270.25,5.367428004,0.1134
6919500,304.29,6.03069,1069.42,3.316985626,0.049446608,23.0,1.18251928,268.25,5.138888889,0.243
6921070,374.14,9.47519,712.59,3.24154141,0.060123837,23.9,1.306010929,266.85,5.232352941,0.2784
6921200,338.33,8.87458,323.62,3.232652977,0.057255427,24.45,1.241116751,272.05,5.329089128,0.2526
6934000,334.86,11.8533,8264.9,3.256001369,0.064590884,22.3,1.232044199,255.3,4.727777778,0.5897
7014500,330.14,11.88533,3845.5,3.284264203,0.066115361,21.4,1.233429395,255.5,4.753488372,0.7777
7056000,459.08,41.947,2149.36,3.617371663,0.052745706,23.75,1.25,269.7,5.272727273,0.8844
7057500,324.68,11.24276,1456.44,3.261271732,0.056439437,25.55,1.2775,273.8,5.421782178,0.584
7060710,272.84,18.02579,150.03,3.696503765,0.050998483,24.05,1.2025,271.3,5.202301055,0.8541
7066000,343.23,10.30686,1053.5,3.287924709,0.056231314,26.9,1.271867612,279.55,5.793782383,0.693
7067000,325.61,11.97771,4349.01,3.44280219,0.055720413,25.1,1.251870324,274.7,5.375733855,0.7931
7068000,293.5,12.0651,5318.59,3.404091718,0.055510761,23.8,1.249343832,260.15,4.931753555,0.7417
7071500,283.07,10.03191,2023.77,3.338821355,0.053355687,25.15,1.276649746,270.45,5.323818898,0.5914
7083000,3457.46,158.91882,60.76,2.083708419,0.710599948,16.1,1.376068376,248.25,5.204402516,0.3563
7142300,677.58,4.76724,1819.94,1.806744695,0.086791678,25.1,1.283887468,304.1,8.034346103,0.0003
7145700,393.17,3.99175,399.81,2.510521561,0.061761152,26.2,1.290640394,292.0,6.782810685,0.0346
7148400,545.41,9.72975,2544.5,1.909582478,0.079878132,26.05,1.286419753,302.25,7.75,0.0005
7149000,558.82,8.31384,2291.2,1.975812457,0.079110059,25.95,1.284653465,301.15,7.93544137,0.0003
7151500,456.85,5.91848,2109.0,2.316180698,0.070534939,25.75,1.341145833,290.4,6.800936768,0.0101
7167500,383.36,10.91937,319.62,2.816464066,0.052068919,24.9,1.245,287.0,6.132478632,0.0167
7180500,442.86,4.64743,275.51,2.607589322,0.055784621,26.2,1.27804878,298.9,7.066193853,0.0015
7184000,280.99,3.48891,510.84,3.255382615,0.045357618,23.25,1.332378223,271.8,5.592592593,0.0078
7195800,371.07,10.46386,38.23,3.504130048,0.048236422,26.0,1.262135922,278.1,5.595573441,0.2232
7196900,430.12,35.12088,106.35,3.703661875,0.046098632,24.95,1.196642686,275.85,5.473214286,0.5407
7197000,348.86,21.68267,808.45,3.624199863,0.040801094,24.75,1.207317073,272.8,5.450549451,0.6716
7208500,2675.36,72.29899,159.22,1.658678987,0.333134984,28.8,1.5,291.45,7.629581152,0.6805
7226500,1587.35,17.56282,5242.75,1.074360027,0.073573558,25.45,1.519402985,305.55,9.872374798,0.0028
7261000,197.55,14.38002,445.81,3.749127995,0.037806099,24.2,1.198019802,270.55,5.268743914,0.2534
7263295,260.56,27.63587,119.03,3.946117728,0.031045511,25.1,1.274111675,269.15,5.31916996,0.8657
7290650,105.8,7.48765,1688.73,4.154616016,0.004061026,22.7,1.268156425,262.35,5.114035088,0.7965
7291000,129.13,7.60783,479.3,4.273158111,0.00356939,24.35,1.278215223,267.6,5.288537549,0.9777
7292500,115.81,7.03828,2073.09,4.255530459,0.002579886,23.8,1.265957447,261.8,5.088435374,0.9468
7295000,95.88,6.82945,466.58,4.38075154,0.001879606,25.25,1.228710462,279.35,5.643434343,0.94
7299670,497.04,6.82082,828.36,1.772833676,0.029132353,26.45,1.449315068,309.25,9.530046225,0.0012
7301410,787.71,10.70028,769.67,1.690138261,0.075416759,25.85,1.325641026,312.7,9.348281016,0.0
7301500,841.43,9.12835,6885.07,1.72773306,0.069424273,25.35,1.38147139,297.65,7.843214756,0.0008
7315200,310.11,5.60451,501.62,2.231993155,0.016256039,26.8,1.367346939,300.25,8.158967391,0.0923
7315700,286.95,6.30245,1488.69,2.502206708,0.020816123,25.55,1.327272727,295.0,7.535121328,0.0437
7335700,450.35,54.44576,102.57,4.235282683,0.043016296,25.65,1.245145631,279.7,5.610832497,0.9722
7340300,342.71,20.62376,230.43,4.382833676,0.038567805,23.95,1.212658228,266.85,5.001874414,0.9591
7346045,103.75,7.44495,959.89,3.582024641,0.016889794,25.8,1.323076923,277.0,6.061269147,0.8518
7359610,301.25,26.3835,342.23,4.28054757,0.030179025,23.75,1.193467337,269.95,5.201348748,0.9453
7362100,82.82,5.30737,996.08,3.80791102,0.018323466,23.8,1.293478261,268.6,5.470468432,0.9703
7362587,287.49,26.09551,69.77,4.213067762,0.036638067,24.2,1.228426396,270.3,5.347181009,0.9966
7373000,63.49,4.91804,131.18,4.242907598,0.003303496,23.25,1.270491803,269.0,5.478615071,0.904
7375000,54.03,3.81251,249.35,4.611883641,0.000508166,22.3,1.274285714,259.6,4.968421053,0.7492
7376000,64.48,3.57506,651.61,4.587405886,0.001204679,21.4,1.258823529,254.0,4.769953052,0.9532
8013000,75.95,4.567,1293.69,4.320046543,0.003286336,21.9,1.233802817,251.3,4.884353741,0.9144
8014500,57.95,3.28615,1305.15,4.472329911,0.002245766,21.25,1.217765043,253.3,4.815589354,0.8187
8023080,86.85,4.78985,187.61,4.023367556,0.00720466,24.0,1.273209549,269.85,5.462550607,0.8629
8025500,95.89,6.86134,383.02,3.995754962,0.002784954,24.3,1.233502538,272.4,5.431704885,0.932
8029500,78.75,5.08421,333.4,4.203683778,0.002072756,23.15,1.199481865,270.2,5.282502444,0.9705
8050800,229.09,5.75131,100.93,2.819348392,0.019672897,26.4,1.306930693,294.35,7.058752998,0.1279
8066200,86.8,6.98455,364.12,3.814758385,0.002320682,24.4,1.267532468,275.45,5.955675676,0.8456
8066300,67.47,4.66804,383.57,3.976249144,0.001753051,22.45,1.236914601,267.25,5.36108325,0.8251
8070000,84.67,5.61372,841.06,3.643779603,0.002380737,23.5,1.284153005,274.6,5.905376344,0.8302
8070200,71.08,4.64193,989.37,3.676714579,0.002455098,23.3,1.283746556,271.15,5.763018066,0.8129
8079600,952.69,5.15091,3348.95,1.37242026,0.035721802,25.15,1.416901408,308.55,9.321752266,0.0
8082700,453.85,4.04181,276.04,1.82721013,0.012802138,26.45,1.410666667,313.0,10.17886179,0.0
8086212,507.6,10.25442,1584.82,1.908219028,0.013186231,25.45,1.425770308,305.25,9.111940299,0.0038
8086290,475.58,7.94291,732.98,2.018210815,0.012879985,25.65,1.457386364,306.1,9.346564885,0.0066
8101000,388.23,11.33266,1177.1,2.396481862,0.009179553,26.0,1.436464088,293.2,7.7875166,0.0067
8103900,382.97,9.98524,86.0,2.444951403,0.009284242,26.1,1.377308707,298.45,7.833333333,0.0201
8104900,317.44,12.46897,342.62,2.52033128,0.009359612,26.8,1.333333333,296.65,7.755555556,0.0263
8109700,143.05,6.2489,610.13,2.637816564,0.005136163,25.9,1.463276836,293.65,7.737812912,0.0282
8150800,563.65,14.64471,557.52,2.105409993,0.00823406,25.15,1.348525469,303.35,8.691977077,0.0386
8155200,337.33,13.093,232.74,2.504511978,0.006380818,25.25,1.398891967,293.45,7.419721871,0.088
8158700,367.97,13.35994,320.34,2.56350308,0.006475354,25.25,1.372282609,294.35,7.576576577,0.0414
8158810,308.05,10.64469,31.79,2.508960986,0.005846259,25.05,1.387811634,294.45,7.511479592,0.0548
8164000,73.09,4.02264,2124.0,2.933000684,0.001380127,23.75,1.503164557,280.05,7.29296875,0.074
8164300,102.72,5.75162,861.54,2.850060233,0.002135478,25.45,1.475362319,287.8,7.573684211,0.0122
8164600,37.19,1.85956,253.92,3.102590007,0.000897883,25.0,1.538461538,287.7,7.453367876,0.0573
8165300,669.21,10.29971,435.99,2.228876112,0.005616038,25.55,1.362666667,308.15,9.295625943,0.1466
8171300,379.23,13.97922,1067.47,2.56038193,0.004320026,24.9,1.431034483,293.15,7.694225722,0.0569
8175000,113.27,5.3832,1421.66,2.416309377,0.002229318,25.55,1.520833333,297.35,8.54454023,0.0703
8176900,88.45,5.1182,925.44,2.492143737,0.001800593,25.85,1.590769231,297.5,9.001512859,0.1949
8178880,542.56,19.49002,850.58,2.475806982,0.003044935,24.1,1.389048991,301.1,8.566145092,0.4391
8189500,67.31,4.02675,1808.29,2.374370979,0.001628732,23.3,1.451713396,292.9,8.250704225,0.1046
8190000,567.77,17.30756,1961.43,1.917389459,0.003707556,25.2,1.384615385,311.25,10.05654281,0.2878
8190500,590.4,13.29277,1799.09,1.826854209,0.004490763,24.55,1.398860399,315.25,10.50833333,0.1388
8194200,161.27,5.02405,1220.58,1.397215606,0.00055356,23.65,1.501587302,322.5,13.90086207,0.0008
8195000,578.2,20.77367,1028.29,2.211577002,0.00435763,25.0,1.358695652,309.4,9.683881064,0.5043
8196000,536.77,22.61663,326.98,2.085787817,0.002389628,25.8,1.402173913,315.45,10.72959184,0.6396
8198500,439.45,15.828,624.35,2.253373032,0.003098253,24.7,1.444444444,306.75,9.409509202,0.4132
8200000,464.34,21.00912,249.11,2.393649555,0.002628447,24.65,1.458579882,305.15,9.001474926,0.6625
8202700,399.03,15.73611,434.75,2.226349076,0.002762016,24.65,1.458579882,305.05,9.400616333,0.4827
8267500,3006.6,149.08403,96.26,1.678718686,0.471388008,26.9,1.469945355,285.05,7.171069182,0.7348
8269000,2791.36,117.24472,163.27,1.545537303,0.401645682,28.15,1.46997389,286.95,7.492167102,0.7622
8271000,2722.86,141.28096,43.77,1.694047912,0.48400245,28.0,1.505376344,287.5,7.486979167,0.654
8324000,2459.47,74.75895,1207.95,1.53157974,0.365429082,27.7,1.582857143,286.65,7.929460581,0.5803
8377900,3017.75,105.29076,139.03,2.042814511,0.466213355,25.95,1.50872093,283.65,7.890125174,0.9747
8378500,2965.23,104.53474,444.96,1.956338125,0.449989329,25.95,1.482857143,282.7,7.820193638,0.965
8380500,2523.15,74.8758,198.06,1.74828063,0.291104431,27.05,1.563583815,288.85,8.59672619,0.8242
9034900,3571.18,102.75895,15.65,2.586208077,0.72579444,13.1,1.386243386,234.65,4.730846774,0.2933
9035800,3271.22,145.66646,22.94,2.455986311,0.703715182,13.75,1.368159204,238.45,4.881269191,0.57
9035900,3240.75,123.91195,72.84,2.387453799,0.689823885,13.1,1.316582915,231.2,4.703967447,0.6008
9047700,3333.84,103.791,23.57,2.030848734,0.626945101,12.45,1.35326087,236.55,4.922996878,0.7022
9065500,3350.1,112.77892,37.78,2.570383299,0.715530726,11.65,1.331428571,237.3,4.918134715,0.8324
9066000,3405.13,96.54414,32.41,2.269394935,0.682272757,12.35,1.320855615,234.9,4.909090909,0.7706
9066200,3071.97,145.36852,16.1,2.650229979,0.712216418,14.6,1.397129187,239.75,4.828801611,0.6686
9066300,2943.62,143.8313,15.52,2.521845311,0.688317497,15.6,1.380530973,241.2,4.819180819,0.7632
9081600,2990.97,150.5766,432.89,2.678277892,0.664742124,15.05,1.433333333,232.45,5.004305705,0.6136
9107000,3300.29,103.42073,331.62,1.915054073,0.672583021,16.95,1.37804878,247.95,5.22,0.6075
9210500,2441.13,59.4828,398.31,1.382766598,0.654725075,21.95,1.338414634,266.5,5.909090909,0.2624
9223000,2448.68,61.24655,333.15,1.73407666,0.69832318,19.3,1.321917808,258.5,5.517609392,0.433
9306242,2245.09,61.01553,81.99,1.268443532,0.358007464,29.2,1.501285347,294.7,7.432534678,0.0
9312600,2434.67,72.89216,195.29,1.584095825,0.604725964,22.05,1.386792453,270.8,6.517448857,0.0454
9352900,3282.66,156.08833,188.15,2.524340862,0.633893899,18.75,1.420454545,247.2,5.985472155,0.5199
9378170,2308.2,67.67706,21.9,1.623308693,0.504005222,29.35,1.706395349,303.4,9.496087637,0.2522
9378630,2125.1,53.41527,10.42,1.580520192,0.503089462,29.5,1.730205279,304.15,9.5046875,0.2678
9386900,2341.65,37.39246,184.94,1.213946612,0.307507544,32.7,1.595121951,308.35,10.06035889,0.3012
9404450,2070.41,56.22302,192.96,1.350459959,0.42359994,26.9,1.601190476,302.35,9.4484375,0.3323
9430500,2227.36,58.13208,4804.93,1.29077755,0.139533552,26.4,1.665615142,293.95,9.930743243,0.4793
9430600,2126.66,84.46138,190.52,1.588898015,0.212871654,28.8,1.556756757,300.45,9.676328502,0.7126
9447800,1395.31,59.50706,781.96,1.072425736,0.03948267,27.7,1.639053254,310.4,11.1454219,0.1601
9480000,1564.07,40.83588,213.38,1.427419576,0.008279229,29.85,1.745614035,307.25,11.79462572,0.1254
9484000,1332.86,112.56283,103.65,1.564503765,0.106460927,27.85,1.573446328,319.9,12.796,0.4456
9484600,1347.5,44.72847,1179.59,1.263404517,0.010148258,28.8,1.669565217,305.6,11.23529412,0.0621
9492400,2468.99,65.37777,128.97,1.775270363,0.271766262,26.55,1.701923077,293.95,10.55475763,0.9911
9494000,2153.94,50.88758,1628.23,1.709345654,0.23555411,23.25,1.65480427,281.9,9.197389886,0.8391
9497800,1646.91,61.28144,750.86,1.527166324,0.083064194,25.25,1.598101266,297.4,10.16752137,0.7996
9497980,1655.39,72.42906,516.8,1.642795346,0.079665051,25.85,1.657051282,305.3,11.63047619,0.8725
9505200,1847.24,48.94088,285.68,1.675397673,0.262230386,26.5,1.661442006,300.45,10.98537477,0.4805
9505350,1736.94,47.8232,365.66,1.595073238,0.198936493,26.85,1.688679245,302.2,11.11029412,0.5015
9505800,1865.1,48.53574,614.94,1.766028747,0.284069099,25.25,1.706081081,297.05,11.02226345,0.531
9508300,1243.76,87.50629,93.0,1.537049966,0.040118809,27.15,1.712933754,311.65,11.7826087,0.5022
9510200,1034.93,92.82902,425.31,1.227353867,0.00612437,26.4,1.660377358,321.3,13.81935484,0.158
9512280,1040.23,77.535,188.71,1.181941136,0.00464207,25.8,1.659163987,326.25,14.72911964,0.1822
9513780,939.06,66.19504,177.47,1.180094456,0.004256089,24.65,1.648829431,325.5,14.62921348,0.1114
10023000,2257.51,44.67936,131.46,1.550551677,0.548429474,23.3,1.366568915,270.9,6.639705882,0.1959
10166430,1578.7,56.14159,70.17,1.364743326,0.225310323,24.2,1.315217391,278.95,6.982478098,0.0328
10172700,1853.47,46.97007,69.93,1.385296372,0.411636242,26.6,1.453551913,293.55,7.880536913,0.0017
10172800,2085.87,135.90273,11.07,1.943690623,0.472831239,24.7,1.403409091,277.15,7.061146497,0.0366
10173450,2638.59,56.1341,268.53,1.679568789,0.638428592,25.7,1.576687117,287.55,8.359011628,0.4463
10205030,2489.29,76.20924,134.6,1.646277892,0.58253576,23.65,1.268096515,274.95,6.665454545,0.0326
10234500,2498.74,95.20992,236.42,1.779151266,0.632069679,26.9,1.434666667,288.2,7.594202899,0.3513
10242000,2035.16,59.78876,208.69,1.142453114,0.30427937,27.15,1.611275964,295.75,9.256651017,0.1718
10244950,2404.47,101.13866,28.2,1.320299795,0.656356437,31.1,1.757062147,305.4,10.09586777,0.0622
10249300,2256.43,98.85646,50.2,0.644565366,0.312694991,29.65,1.572944297,320.35,12.78842315,0.062
10258000,1371.26,176.36676,43.69,1.101367556,0.050845878,18.9,1.8,341.5,26.16858238,0.4365
10258500,1329.18,116.14195,241.51,0.822899384,0.004087316,16.7,1.739583333,343.75,29.50643777,0.2855
10259000,1233.96,169.65242,22.46,1.048308008,0.0335249,18.55,1.758293839,343.55,29.11440678,0.5081
10259200,1139.91,154.44513,79.12,0.657341547,0.002486526,14.55,1.682080925,348.7,36.51308901,0.1369
10263500,1651.45,132.2003,59.46,1.322364134,0.09936055,18.35,1.747619048,333.4,20.58024691,0.2769
10310500,1900.8,119.20887,39.49,1.471169062,0.498158072,25.65,1.78125,307.6,11.94563107,0.7131
10316500,2490.13,132.10335,64.78,2.212016427,0.750536241,27.4,1.645645646,288.4,8.158415842,0.0123
10329500,1755.66,66.83605,454.52,1.359549624,0.47742589,28.4,1.427135678,292.1,8.616519174,0.002
10336645,2357.54,118.27441,19.6,3.379605749,0.665304873,23.35,1.868,284.9,10.36,0.7136
10336660,2113.28,83.46391,29.8,3.731182752,0.668727842,23.45,1.914285714,278.9,9.785964912,0.7908
10336740,2117.98,81.49106,5.54,1.849790554,0.73824515,25.35,1.791519435,304.75,11.65391969,0.8173
10343500,2156.91,81.24778,27.6,2.567891855,0.714981248,23.7,1.802281369,289.35,10.40827338,0.899
10348850,2041.6,136.2677,19.14,2.507882272,0.829055332,23.6,1.829457364,294.4,10.55197133,0.512
10396000,1613.27,58.18941,528.89,1.560339493,0.46548953,24.0,1.307901907,277.9,7.236979167,0.0045
11098000,595.39,109.96152,41.57,1.96570705,0.012301273,19.6,1.831775701,329.6,18.46498599,0.2925
11124500,679.8,87.84629,191.52,2.052190281,0.023038106,21.75,2.071428571,328.1,18.64204545,0.7047
11141280,292.35,60.28846,54.01,1.883665982,0.00078778,27.25,1.974637681,318.65,16.46770026,0.4501
11143000,764.03,138.61035,120.61,2.836767967,0.02543794,27.6,2.090909091,303.1,12.65553236,0.9458
11148900,462.72,66.18997,403.45,2.288532512,0.003526795,26.8,1.963369963,311.6,14.94484412,0.425
11151300,535.53,56.57053,608.23,1.332784394,0.00384039,24.55,1.82527881,317.1,15.1722488,0.1373
11162500,349.51,68.54063,118.87,2.691979466,0.000200357,26.7,1.873684211,298.7,12.41995842,0.821
11176400,701.12,78.77162,338.56,1.476209446,0.016307004,26.1,1.562874251,303.7,12.60165975,0.353
11180500,47.25,26.34814,24.32,1.488306639,0.0,26.55,1.758278146,304.3,12.62655602,0.0556
11180960,130.05,33.1925,15.06,1.639290897,0.0,27.35,1.805280528,302.25,12.38729508,0.2117
11224500,658.03,69.9558,247.44,1.307091034,0.017898474,25.0,1.766784452,323.1,16.19548872,0.1452
11230500,3020.86,151.16005,135.53,2.018366872,0.90296368,25.9,1.786206897,307.55,12.302,0.2787
11237500,2201.22,104.67149,59.82,2.928503765,0.749856961,27.45,1.91958042,302.9,12.70020964,0.8069
11253310,802.17,88.1357,120.44,1.174001369,0.009070578,25.8,1.823321555,323.7,16.02475248,0.1202
11264500,2632.87,131.06068,467.98,2.640388775,0.906326926,26.8,2.0,300.3,11.61702128,0.5769
11266500,2512.58,140.1842,833.08,2.735619439,0.885217452,26.75,1.945454545,297.55,11.24952741,0.6741
11274500,377.44,54.47513,347.75,1.20644627,0.0,26.7,1.810169492,307.65,13.95238095,0.3051
11274630,517.24,57.74649,187.44,1.259329227,0.00015001,27.5,1.676829268,307.65,13.67333333,0.2803
11284400,897.33,52.40447,41.72,2.822433949,0.036504723,26.0,1.786941581,302.5,11.79337232,0.7577
11299600,300.42,40.72756,37.32,2.068405202,0.000277967,25.65,1.628571429,302.3,12.18951613,0.041
11381500,941.68,70.5575,337.63,3.450539357,0.16502613,24.85,1.59807074,278.85,9.452542373,0.589
11383500,1053.56,75.72221,539.78,3.527906913,0.150145743,25.45,1.595611285,279.45,9.703125,0.6998
11451100,740.46,103.93357,155.09,2.961471595,0.123536359,27.0,1.963636364,293.9,13.32879819,0.8707
11468500,276.08,45.14956,273.51,3.582882957,0.000524205,25.85,1.651757188,277.8,10.25092251,1.0
11473900,1037.85,126.70666,1925.01,3.65355373,0.262478357,26.65,1.883392226,277.05,10.24214418,0.9609
11475560,592.58,90.33273,16.79,5.166086242,0.138629338,27.05,1.846416382,274.1,9.500866551,0.9922
11476600,478.69,94.52911,71.85,4.834184805,0.012010629,24.95,1.604501608,263.05,8.13137558,0.9966
11478500,757.76,122.52826,572.38,4.551620808,0.157314421,24.35,1.656462585,260.75,8.384244373,0.9953
11480390,1049.64,76.61899,242.6,3.998996578,0.299512506,24.75,1.683673469,271.5,9.443478261,0.9744
11481200,285.23,71.42838,105.4,4.363130732,0.001636826,21.7,1.583941606,253.4,7.713850837,0.9378
11482500,546.99,114.46463,718.04,4.579976728,0.013181204,21.4,1.602996255,245.55,7.407239819,0.983
11522500,1279.3,152.80074,1943.12,3.135530459,0.249129777,22.7,1.570934256,260.85,7.728888889,0.9907
11523200,1614.41,139.34749,382.94,2.932422998,0.431707152,23.9,1.659722222,276.05,8.735759494,0.98
11528700,1019.07,107.62195,1980.08,3.706082136,0.271305322,23.95,1.575657895,264.95,8.672667758,0.9905
11532500,725.07,112.11076,1577.96,5.584642026,0.048535377,20.65,1.570342205,239.9,6.796033994,0.9993
12010000,145.18,47.2961,142.18,7.927942505,0.023636236,9.35,1.316901408,169.9,4.323155216,0.9981
12013500,309.17,61.57144,337.69,6.874937714,0.017415676,11.35,1.375757576,172.45,4.508496732,0.9896
12020000,435.98,74.62586,294.22,7.499240246,0.043553397,7.9,1.362068966,176.45,4.788331072,0.9964
12025000,236.88,33.69605,404.9,4.707979466,0.029592528,10.5,1.578947368,183.0,4.945945946,0.8617
12025700,556.37,73.37022,103.3,5.091245722,0.090576757,10.05,1.546153846,182.95,4.846357616,0.8684
12035000,149.3,29.3479,769.9,6.987945243,0.022021888,13.15,1.584337349,180.25,4.918144611,0.9705
12040500,437.01,96.58146,1153.44,8.15461191,0.067091784,12.1,1.367231638,170.35,4.362355954,0.9969
12041200,754.0,127.74358,655.8,7.785315537,0.179574105,12.1,1.398843931,173.05,4.397712834,0.9733
12043000,378.73,72.9688,337.19,8.284583162,0.070641261,12.1,1.351955307,172.1,4.141997593,1.0
12048000,1263.46,183.83774,405.01,4.775126626,0.498197653,17.25,1.699507389,215.7,5.051522248,0.9881
12054000,776.86,174.79018,171.68,5.714731006,0.379149578,16.5,1.755319149,210.45,5.341370558,0.9947
12056500,775.17,160.23749,146.97,6.994711841,0.338574932,14.3,1.765432099,194.35,5.217449664,1.0
12073500,42.92,16.48391,15.67,4.009470226,0.015601666,16.2,1.714285714,207.6,4.907801418,1.0
12082500,1036.22,122.55748,350.0,7.061638604,0.398786514,12.1,1.49382716,185.15,5.107586207,0.9312
12092000,1330.94,172.20201,240.88,7.274495551,0.513670726,10.8,1.576642336,183.75,4.932885906,0.9239
12095000,757.39,103.55868,205.84,4.560746064,0.078232094,10.7,1.486111111,184.55,4.654476671,0.9717
12114500,852.5,129.6111,66.56,7.241880903,0.406517039,13.1,1.408602151,191.95,4.786783042,0.9922
12115000,900.07,130.41888,102.8,7.206737851,0.338944352,12.5,1.436781609,188.3,4.859354839,0.9948
12115500,752.9,132.31418,34.72,7.160358658,0.266126797,11.8,1.43030303,185.15,4.815344603,0.9922
12117000,640.53,116.02529,44.85,6.508854209,0.125199433,10.1,1.496296296,177.6,4.496202532,1.0
12141300,1068.4,165.09819,401.51,7.935530459,0.346348439,10.7,1.407894737,175.5,4.834710744,0.9816
12143600,981.21,118.4332,165.01,7.623430527,0.311622046,12.0,1.420118343,181.1,4.810092961,0.9978
12144000,881.0,132.22826,210.11,7.21094319,0.220551546,11.85,1.445121951,174.25,4.806896552,0.9983
12145500,411.9,86.37572,78.98,5.713550992,0.044854638,10.3,1.560606061,180.35,4.299165673,1.0
12147500,601.12,112.82134,102.89,7.993348392,0.159041201,9.7,1.437037037,176.5,4.294403893,1.0
12147600,1067.53,159.37456,14.13,8.792442163,0.274033031,9.65,1.440298507,178.2,4.330498177,1.0
12167000,480.5,126.68987,683.75,6.721185489,0.131187745,8.3,1.443478261,175.15,4.491025641,0.9896
12175500,1538.75,245.56131,273.82,5.461752225,0.690360443,13.75,1.71875,203.95,5.105131414,0.7897
12178100,1305.01,255.6884,69.68,6.095322382,0.529566888,13.0,1.688311688,199.1,4.444196429,0.9211
12186000,1226.29,172.55716,398.44,6.491310062,0.435652192,10.8,1.411764706,178.65,4.62225097,0.9801
12189500,1206.01,197.12231,1855.32,5.899932923,0.457875715,11.4,1.52,175.8,4.688,0.9465
12358500,1559.24,106.51262,2939.19,3.330401095,0.558849304,9.9,1.346938776,192.7,4.202835333,0.7376
12374250,1379.76,104.39721,50.79,2.24356742,0.439806312,12.75,1.287878788,233.5,4.569471624,0.7973
12375900,1528.13,159.41846,19.72,3.434537988,0.606515527,11.8,1.268817204,231.25,4.695431472,0.6827
12377150,1512.07,129.5993,32.18,4.042540726,0.719886654,10.1,1.383561644,224.55,4.531786075,0.8676
12381400,1876.96,102.16577,150.95,2.997418207,0.594005153,12.6,1.266331658,226.65,4.630234934,0.9605
12383500,2041.03,116.4248,17.67,3.094845996,0.612621722,12.9,1.316326531,231.05,4.630260521,0.9867
12388400,1636.58,117.08559,60.84,2.370477755,0.468572458,15.05,1.393518519,237.85,4.752247752,0.9585
12390700,1415.22,115.21011,470.23,3.035069131,0.51948701,13.8,1.422680412,212.9,4.974299065,0.9955
12411000,1145.85,92.51232,867.48,3.406193018,0.464485513,13.65,1.414507772,216.65,5.07971864,0.9917
12414500,1381.41,104.37793,2678.97,3.662435318,0.549797433,14.3,1.401960784,204.4,4.878281623,0.9997
12447390,1700.98,172.58264,58.1,2.559075975,0.777311498,18.95,1.572614108,253.7,5.720405862,0.9643
12451000,1509.63,226.8667,830.6,4.47540178,0.716767081,14.85,1.579787234,217.75,5.597686375,0.8163
12488500,1452.54,143.91948,205.17,4.745980835,0.641918995,16.2,1.542857143,208.05,5.2077597,0.9985
13011500,2400.71,78.5195,404.08,2.433982204,0.658713268,15.35,1.29535865,228.5,4.745586708,0.8122
13011900,2683.38,93.91466,851.8,2.383326489,0.704607069,13.8,1.266055046,220.7,4.256509161,0.7746
13018300,2197.93,109.51895,27.9,2.228989733,0.657118537,18.15,1.44047619,250.55,5.649379932,0.8095
13023000,2441.62,98.50956,1161.93,2.357442847,0.646858625,16.6,1.307086614,235.15,5.179515419,0.6753
13083000,1862.77,69.12091,133.18,1.542395619,0.487107711,25.35,1.428169014,279.75,7.200772201,0.0079
13161500,2059.26,59.95146,986.13,1.370109514,0.518679342,23.95,1.400584795,276.85,7.462264151,0.0336
13235000,2075.34,126.24587,1163.23,2.566986995,0.677895076,21.25,1.551094891,256.75,6.370967742,0.8604
13240000,1965.35,110.07567,125.57,3.257249829,0.726533472,20.05,1.597609562,252.3,6.692307692,0.8066
13310700,1979.98,106.69118,853.13,3.047281314,0.659423757,19.9,1.644628099,242.45,6.397097625,0.9654
13313000,2155.6,111.17973,561.94,3.630479124,0.74453605,20.2,1.74137931,239.85,6.189677419,0.9807
13331500,1654.85,126.58633,618.93,2.751913758,0.557880945,14.3,1.271111111,233.45,5.910126582,0.6378
13337000,1548.18,120.82851,3053.42,3.588317591,0.564570326,11.9,1.36,194.5,4.726609964,0.9726
13338500,1418.36,110.2649,3027.0,2.325842574,0.360817479,11.65,1.245989305,213.85,4.694840834,0.8078
13340000,1457.99,113.85035,14268.92,2.943639973,0.455800484,9.7,1.366197183,192.6,4.755555556,0.8441
13340600,1417.79,109.15233,3354.62,3.774498289,0.557400052,13.75,1.334951456,204.4,4.753488372,0.998
14020000,1215.85,91.6649,341.43,2.636720055,0.355358222,18.95,1.516,247.4,6.536327609,0.8556
14092750,1597.68,155.84779,57.48,4.591379877,0.535953009,15.3,1.553299492,219.9,6.211864407,0.9807
14096850,958.51,46.78135,374.62,2.54768104,0.244750228,18.85,1.444444444,239.95,6.192258065,0.4959
14137000,1054.8,110.72043,674.24,6.303509925,0.324496375,12.5,1.506024096,193.35,5.653508772,0.9887
14138800,821.62,142.23871,21.29,7.729750856,0.317266212,12.55,1.512048193,200.85,5.641853933,1.0
14138870,727.8,122.18566,14.02,8.402052019,0.229049355,10.9,1.397435897,196.4,5.478382148,1.0
14138900,757.32,93.62395,21.68,8.936885695,0.221358389,10.5,1.468531469,194.55,5.53485064,1.0
14139800,641.0,126.93213,40.7,7.930425736,0.183197956,11.15,1.39375,192.85,5.463172805,0.9977
14141500,652.09,96.70294,59.87,7.403030801,0.142882265,11.4,1.390243902,188.45,5.37660485,1.0
14154500,922.47,108.84718,546.81,4.625115674,0.13555071,12.85,1.427777778,207.75,5.995670996,1.0
14158500,1175.75,91.15405,237.08,5.798239562,0.365169961,14.55,1.54787234,215.45,6.450598802,0.9963
14158790,1026.81,116.44111,40.57,6.077693361,0.36505663,14.15,1.546448087,214.85,6.461654135,1.0
14166500,249.51,35.95163,226.52,5.050238193,0.010676301,13.9,1.770700637,204.15,6.186363636,0.903
14182500,719.95,106.83309,286.85,6.217782341,0.146759311,11.75,1.525974026,193.05,5.728486647,1.0
14185000,977.23,116.24834,458.18,5.711660507,0.178107252,12.5,1.533742331,197.75,5.782163743,1.0
14185900,823.79,121.31898,258.2,6.60820397,0.187297519,13.2,1.681528662,197.85,5.968325792,1.0
14187000,794.8,114.68442,134.75,5.356093087,0.089519417,12.35,1.452941176,204.4,5.009803922,1.0
14216500,824.9,115.75916,349.52,7.312424367,0.295816184,15.4,1.45971564,201.75,5.497275204,0.9311
14222500,485.85,77.2061,323.89,7.372717317,0.090027424,9.45,1.465116279,187.5,5.222841226,0.9757
14236200,490.53,97.48567,360.99,5.589798768,0.114713955,10.95,1.489795918,188.1,4.90482399,0.981
14301000,375.21,62.14889,1743.54,5.819216975,0.03247989,12.05,1.685314685,179.5,5.358208955,0.963
14303200,572.22,70.81645,8.06,6.694406571,0.088754104,13.85,1.834437086,206.0,6.195488722,1.0
14305500,276.16,55.46804,526.33,6.670030116,0.025741428,14.7,1.642458101,197.75,5.773722628,0.9943
14306340,397.44,62.50098,14.73,6.489867214,0.069380415,14.55,1.853503185,200.55,5.787878788,0.9933
14306500,308.31,57.46785,857.16,6.286937714,0.020298271,13.95,1.8,193.0,5.857359636,0.9993
14308990,987.04,96.62676,167.76,3.655583847,0.135825516,16.1,1.721925134,228.9,6.894578313,1.0
14309500,709.83,110.42527,224.92,4.977780972,0.061255369,15.1,1.776470588,222.65,6.893188854,1.0
14316700,952.26,119.0892,587.9,4.543400411,0.176336581,14.75,1.446078431,214.85,6.018207283,1.0
14325000,656.53,124.96889,443.07,6.297437372,0.030203392,14.6,1.467336683,219.05,6.240740741,1.0
14362250,875.67,109.93127,41.42,2.781675565,0.141500009,20.45,1.786026201,260.35,7.354519774,1.0
14400000,625.31,98.81802,702.63,5.556071184,0.024330391,19.3,1.537848606,237.0,6.909620991,1.0
1003,474.93,50.05,2483.82,3.739797619,0.20297619,21.6827381,1.28277635,279.8767857,5.818428184,0.9
1012,607.21,56.46,2703.82,3.346738095,0.189761905,20.03154762,1.351906158,283.7440476,5.872302158,0.9
1006,308.38,44.57,208.0,3.538642857,0.158452381,21.16130952,1.319783198,282.0059524,5.784313725,0.85
2001,548.21,50.72,1628.68,3.205107143,0.200714286,22.37797619,1.2875,285.1345238,6.167293233,0.8
2002,386.65,48.65,1975.77,3.205107143,0.200714286,22.37797619,1.2875,285.1345238,6.167293233,0.8
2015,503.82,41.16,928.94,4.266083333,0.079404762,21.07440476,1.269633508,287.4809524,6.386100386,0.8
2018,427.6,41.77,2281.72,4.156845238,0.084047619,22.50833333,1.263414634,288.8714286,6.668004012,0.8
3008,192.21,39.72,667.48,4.065095238,0.173333333,21.72619048,1.278772379,270.6214286,5.392207792,0.6
4001,358.92,38.4,763.47,3.707904762,0.16,20.85714286,1.293800539,272.272619,5.401724138,0.7
4007,269.88,37.48,1029.52,3.748006329,0.171677215,20.61787975,1.275,270.227057,5.193118757,0.7
3001,509.44,42.81,930.43,4.065095238,0.173333333,21.72619048,1.278772379,270.6214286,5.392207792,0.7
